{
  "main": {
    "id": "98821247812d015f",
    "type": "split",
    "children": [
      {
        "id": "a3231fce26e4b0be",
        "type": "tabs",
        "children": [
          {
            "id": "0e3307628006deef",
            "type": "leaf",
            "state": {
              "type": "empty",
              "state": {},
              "icon": "lucide-file",
              "title": "New tab"
            }
          }
        ]
      }
    ],
    "direction": "vertical"
  },
  "left": {
    "id": "93aec2ae6863ae1f",
    "type": "split",
    "children": [
      {
        "id": "d8e5827d3ace24df",
        "type": "tabs",
        "children": [
          {
            "id": "ea929af77b4c1daa",
            "type": "leaf",
            "state": {
              "type": "file-explorer",
              "state": {
                "sortOrder": "alphabetical",
                "autoReveal": false
              },
              "icon": "lucide-folder-closed",
              "title": "Files"
            }
          },
          {
            "id": "37e74965214d7b2f",
            "type": "leaf",
            "state": {
              "type": "search",
              "state": {
                "query": "",
                "matchingCase": false,
                "explainSearch": false,
                "collapseAll": false,
                "extraContext": false,
                "sortOrder": "alphabetical"
              },
              "icon": "lucide-search",
              "title": "Search"
            }
          },
          {
            "id": "fd8ab47c9231cb36",
            "type": "leaf",
            "state": {
              "type": "bookmarks",
              "state": {},
              "icon": "lucide-bookmark",
              "title": "Bookmarks"
            }
          }
        ]
      }
    ],
    "direction": "horizontal",
    "width": 300
  },
  "right": {
    "id": "95fddd1de7aa3fc0",
    "type": "split",
    "children": [
      {
        "id": "63df454aa29f18b5",
        "type": "tabs",
        "children": [
          {
            "id": "4de87ce08dc57a02",
            "type": "leaf",
            "state": {
              "type": "backlink",
              "state": {
                "collapseAll": false,
                "extraContext": false,
                "sortOrder": "alphabetical",
                "showSearch": false,
                "searchQuery": "",
                "backlinkCollapsed": false,
                "unlinkedCollapsed": true
              },
              "icon": "links-coming-in",
              "title": "Backlinks"
            }
          },
          {
            "id": "44bb730be80e7b6c",
            "type": "leaf",
            "state": {
              "type": "outgoing-link",
              "state": {
                "linksCollapsed": false,
                "unlinkedCollapsed": true
              },
              "icon": "links-going-out",
              "title": "Outgoing links"
            }
          },
          {
            "id": "d2f3a97bda5038cb",
            "type": "leaf",
            "state": {
              "type": "tag",
              "state": {
                "sortOrder": "frequency",
                "useHierarchy": true,
                "showSearch": false,
                "searchQuery": ""
              },
              "icon": "lucide-tags",
              "title": "Tags"
            }
          },
          {
            "id": "3f212b016ef18bf8",
            "type": "leaf",
            "state": {
              "type": "all-properties",
              "state": {
                "sortOrder": "frequency",
                "showSearch": false,
                "searchQuery": ""
              },
              "icon": "lucide-archive",
              "title": "All properties"
            }
          },
          {
            "id": "ba1bb7d7298698f7",
            "type": "leaf",
            "state": {
              "type": "outline",
              "state": {
                "followCursor": false,
                "showSearch": false,
                "searchQuery": ""
              },
              "icon": "lucide-list",
              "title": "Outline"
            }
          }
        ]
      }
    ],
    "direction": "horizontal",
    "width": 300,
    "collapsed": true
  },
  "left-ribbon": {
    "hiddenItems": {
      "switcher:Open quick switcher": false,
      "graph:Open graph view": false,
      "canvas:Create new canvas": false,
      "daily-notes:Open today's daily note": false,
      "templates:Insert template": false,
      "command-palette:Open command palette": false,
      "bases:Create new base": false
    }
  },
  "active": "0e3307628006deef",
  "lastOpenFiles": [
    "2. Tomcat en Linux.md",
    "Practica UD3 - Apache Tomcat.md",
    "2.2 Despliegue de aplicación.md",
    "2.1 Instalación.md",
    "images/tomcat1.2_2.png",
    "Instrucciones.md",
    "1. Tomcat en Windows con XAMPP.md",
    "5. Cuestiones.md",
    "4. Integración con un IDE.md",
    "images/tomcat4.png",
    "1.2 Gestión y Administración.md",
    "1.1 Arranque y configuración inicial.md",
    "images/tomcat1.2_3.png",
    "3. Securización.md",
    "images",
    "images/tomcat3.png",
    "images/tomcat2.2_3.png",
    "images/tomcat2.2_2.png",
    "images/tomcat2.2_1.png",
    "images/tomcat2.1.png",
    "1.5 Puerto de escucha.md",
    "1.4 Despliegue de Aplicación.md",
    "1.3 Ejemplos.md",
    "images/tomcat1.5_2.png",
    "images/tomcat1.5_1.png",
    "Welcome.md"
  ]
}